,query,intent
0,ghost bed,Transactional
1,ghostbed,Commercial Investigation
2,ghost mattress,Informational
3,zero gravity bed,Unknown
4,mattress cover,Informational
5,queen vs full mattress,Informational
6,ghostbed mattress,Transactional
7,ghost pillow,Informational
8,difference between queen and king,Informational
9,ghostbed luxe,Transactional
10,full vs queen,Informational
11,ghost bed mattress,Informational
12,sleeping with legs elevated,Informational
13,king vs queen bed,Informational
14,sleeping with feet elevated,Informational
15,how to get blood out of mattress,Informational
16,adjustable bed base,Informational
17,ghostbed luxe review,Informational
18,how to get pee out of a mattress,Unknown
19,full vs queen size,Informational
20,difference between full and queen,Informational
21,split king mattress,Informational
22,ghostbed adjustable base,Informational
23,twin vs twin xl,Unknown
24,affirm mattress,Informational
25,sleeping elevated,Transactional
26,how to sanitize a mattress,Informational
27,bed size comparison,Informational
28,queen vs king,Unknown
29,ghostbed flex,Unknown
30,bed sizes,Informational
31,full bed vs queen,Unknown
32,split king adjustable mattress,Commercial Investigation
33,zibby,Navigational
34,mattress size comparison,Informational
35,queen vs king size,Informational
36,split king bed,Informational
37,how to get blood stain out of mattress,Informational
38,how to remove blood stains from mattress,Informational
39,how to clean pee out of a mattress,Informational
40,ghostbed pillow,Unknown
41,ghost bed pillow,Informational
42,king size bed vs queen,Informational
43,king adjustable base,Transactional
44,disinfect mattress,Informational
45,mattress sanitizer,Informational
46,what size weighted blanket,Informational
47,ghost bed reviews,Informational
48,king adjustable bed,Informational
49,size difference between queen and full,Informational
50,purple mattress cost,Informational
51,ghostbed com drinkin bros,Unknown
52,how to wash sheets,Informational
53,adjustable base,Transactional
54,adjustable bed frame,Informational
55,split king,Unknown
56,split king adjustable base,Transactional
57,how to wash bed sheets,Informational
58,power base bed,Informational
59,full size weighted blanket,Commercial Investigation
60,ghostbed queen,Transactional
61,king size adjustable base,Transactional
62,ghostbed drinkin bros,Unknown
63,ghost bed frame,Transactional
64,ghostbed reviews,Informational
65,size difference between queen and king,Informational
66,how to get urine out of mattress,Unknown
67,how to get pee smell out of mattress,Informational
68,difference between king and queen bed,Informational
69,memory foam mattress in a box,Transactional
70,king size weighted blanket,Transactional
71,ghostbed split king,Informational
72,ghostbed com,Unknown
73,ghostbed sheets,Informational
74,ghostbed warranty,Informational
75,queen adjustable base,Informational
76,supima cotton sheets,Transactional
77,how to clean pee from mattress,Informational
78,difference between twin and twin xl,Informational
79,split king adjustable bed with mattress,Informational
80,weighted blanket size chart,Informational
81,what's bigger a queen or king bed,Informational
82,twin v twin xl,Informational
83,sleeping with legs up,Informational
84,sleeping with head elevated,Informational
85,how to get blood off mattress,Informational
86,bed com,Transactional
87,how much bigger is a queen than a full,Informational
88,how to get cat pee out of mattress,Informational
89,zibby login,Informational
90,ghostbed black friday 2016,Unknown
91,how to get urine smell out of mattress,Informational
92,ghostbed hybrid,Unknown
93,ghostbed luxe 13 queen memory foam mattress,Transactional
94,adjustable bed frame king,Transactional
95,purple mattress price,Informational
96,mattress size chart,Commercial Investigation
97,0 gravity bed,Informational
98,how much bigger is a king than a queen,Informational
99,sizes of weighted blankets,Commercial Investigation
100,queen vs king mattress,Informational
101,which is bigger king or queen bed,Informational
102,what is a split king bed,Informational
103,split king mattress with adjustable base,Transactional
104,what is the difference between a king and queen bed,Informational
105,how to clean a memory foam mattress,Informational
106,adjustable bed frame split king,Informational
107,head elevated,Informational
108,queen bed dimensions,Informational
109,get blood out of mattress,Informational
110,remove blood stain from mattress,Informational
111,how to get urine out of memory foam mattress,Informational
112,how to disinfect a mattress,Informational
113,twin bed dimensions,Informational
114,california king vs king,Informational
115,foam vs spring mattress,Informational
116,queen bed vs king bed,Informational
117,ghost bed bundle,Unknown
118,ghostbed llc,Unknown
119,ghostbed return experience,Informational
120,ghostbed pillow coupon,Transactional
121,ghostbed adjustable power base,Informational
122,ghostbed return shipping,Informational
123,ghostbed cover,Informational
124,king size ghostbed dimensions,Informational
125,ghostbed luxury sheets,Commercial Investigation
126,ghostbed military discount,Informational
127,ghostbed mattress protector cover,Informational
128,twin mattress dimensions,Informational
129,how to get period blood out of mattress,Informational
130,zero gravity mattress,Informational
131,how to remove blood from mattress,Informational
132,ghost mattress queen,Informational
133,ghost mattress king,Transactional
134,twin size mattress,Informational
135,is full same as queen,Informational
136,is it bad to sleep with your feet elevated,Informational
137,white glove mattress delivery,Informational
138,how to remove urine from mattress,Informational
139,remove blood from mattress,Informational
140,sleep cool,Unknown
141,washing sheets,Informational
142,blood stain on mattress,Informational
143,boxspring,Transactional
144,bed size chart,Informational
145,how to get urine out of a mattress when dry,Informational
146,full vs queen dimensions,Informational
147,clean urine from mattress,Unknown
148,how to get dog pee out of mattress,Unknown
149,foam mattress in a box,Informational
150,adjustable bed base queen,Informational
151,how to remove urine stains from mattress,Informational
152,pee on mattress,Unknown
153,are full and queen the same size,Informational
154,what size weighted blanket do i need,Informational
155,bed sizes compared,Informational
156,remove urine from mattress,Informational
157,average queen mattress price,Informational
158,what setting to wash sheets,Informational
159,adjustable bed sex,Unknown
160,how to sanitize my mattress,Informational
161,feet elevated,Informational
162,queen size bed dimensions,Commercial Investigation
163,how to sleep with your legs elevated,Informational
164,what size weighted blanket for twin bed,Informational
165,size weighted blanket,Informational
166,remove urine from memory foam mattress,Informational
167,adjustable bed meme,Unknown
168,remove blood from memory foam mattress,Informational
169,what are split king sheets,Informational
170,vacuum sealed mattress,Transactional
171,full queen,Unknown
172,adjustable bed base split king,Informational
173,is full and queen the same size,Informational
174,blood out of mattress,Informational
175,how much does a bed cost,Informational
176,ghostbed luxe king,Transactional
177,https www ghostbed com,Informational
178,the ghostbed,Commercial Investigation
179,ghostbed register,Unknown
180,ghostbed with adjustable base,Informational
181,ghostbed pillow review,Informational
182,ghostbed king adjustable base,Transactional
183,ghostbed wrapify,Unknown
184,ghostbed mattress cover,Transactional
185,queen mattress dimensions,Informational
186,queen size weighted blanket,Transactional
187,supima cotton,Navigational
188,how much is a purple mattress,Informational
189,king size vs queen size,Informational
190,clean pee from mattress,Informational
191,adjustable mattress base,Transactional
192,how to clean urine from a mattress,Informational
193,sleep on an incline,Informational
194,is full the same as queen,Informational
195,urine on mattress,Informational
196,difference between king and queen size bed,Informational
197,what is a split king,Informational
198,best mattress for fibromyalgia,Transactional
199,is a queen bed bigger than a king,Informational
200,power adjustable bed frame,Transactional
201,gravity bed,Transactional
202,mattress meme,Unknown
203,washing bed sheets,Informational
204,bed frame and mattress bundles,Commercial Investigation
205,queen vs king dimensions,Informational
206,inclined bed,Informational
207,zero gravity adjustable bed,Informational
208,how to elevate your legs while sleeping on your side,Informational
209,foam mattress,Informational
210,queen size box spring dimensions,Informational
211,blood on mattress,Informational
212,dog pee on mattress,Informational
213,how to clean foam mattress,Informational
214,memory foam mattress queen,Transactional
215,cal king vs king,Unknown
216,queen size box spring,Transactional
217,how to clean blood from mattress,Informational
218,how to get old blood stain from mattress,Informational
219,split king mattress size,Informational
220,mattress protector,Commercial Investigation
221,full size bed vs queen,Informational
222,lucid l300 adjustable bed base,Informational
223,adjustable beds health,Informational
224,king and queen difference,Informational
225,head elevated meaning,Informational
226,how to clean dried urine from memory foam mattress,Informational
227,how can i remove blood stains from my mattress,Informational
228,getting urine out of foam mattress,Informational
229,ghostbed construction,Informational
230,ghostbed sex,Unknown
231,difference between king and queen bed uk,Informational
232,queen v full mattress,Informational
233,how to disinfect matress,Informational
234,novosbed vs ghostbed,Informational
235,ghostbed dealers,Informational
236,www ghostbed com,Unknown
237,how to remove a period stain from the mattress,Informational
238,soaked mattress,Informational
239,ghost bes,Commercial Investigation
240,sleeping with feet above heart,Informational
241,adjustable bed bundles,Informational
242,what's the difference between a king and a queen bed,Informational
243,ghost bed box spring,Transactional
244,tempur zero g bed system,Informational
245,ghostbed retailers,Informational
246,purple twin mattress,Informational
247,toddler peed on memory foam mattress,Informational
248,weighted blanket chart,Informational
249,zero gravity adjustable base,Informational
250,elevating legs,Informational
251,full size mattress vs queen,Informational
252,how to remove pee stains from mattress,Informational
253,latex vs memory foam,Informational
254,king size vs queen size bed,Informational
255,difference between full and queen bed,Informational
256,what size weighted blanket should i get,Informational
257,how to clean urine out of a mattress,Informational
258,can you wash memory foam pillows,Informational
259,how to wash memory foam pillow,Informational
260,split adjustable beds,Informational
261,adjustable bed frame queen,Informational
262,twin vs twin xl size,Informational
263,raise head of bed,Informational
264,full vs queen vs king,Unknown
265,how much bigger is a king bed than a queen,Informational
266,zero gravity bed position,Informational
267,zibby phone number,Informational
268,what is a split king mattress,Informational
269,how to get period stains out of mattress,Informational
270,zero g bed,Unknown
271,memory foam vs spring mattress,Informational
272,how to remove urine smell from mattress,Informational
273,split mattress,Transactional
274,elevated mattress,Transactional
275,box spring vs foundation,Informational
276,pee stain on mattress,Informational
277,memory foam mattress,Transactional
278,elevate legs while sleeping,Informational
279,adjustable bed sex positions,Unknown
280,how to get period blood out of a mattress,Informational
281,full and queen difference,Informational
282,supima vs egyptian cotton,Informational
283,split king vs king,Informational
284,how to get dried blood out of mattress,Informational
285,ghostbed 11 split king memory foam mattress with adjustable base,Informational
286,twin xl adjustable base,Informational
287,blood on bed,Informational
288,clean pee out of mattress,Informational
289,wash memory foam pillow,Informational
290,how to sleep on side with legs elevated,Informational
291,does thread count matter,Informational
292,king size mattress,Transactional
293,how to clean memory foam pillow,Informational
294,queen size mattress dimensions,Informational
295,king and queen size bed,Informational
296,best sleeping position for acid reflux,Informational
297,queen vs king bed dimensions,Informational
298,king size mattress vs queen,Informational
299,queen box spring dimensions,Informational
300,how to get pee stains out of mattress,Informational
301,mattress firmness scale,Informational
302,ghostbed opening,Informational
303,ghostbed free pillows,Transactional
304,ghostbed vs casper,Informational
305,bed size comparison chart,Informational
306,cooling memory foam pillow,Transactional
307,ghostbed payment,Informational
308,ghostbed specs,Informational
309,what temperature to wash sheets,Informational
310,marc werner ghostbed,Unknown
311,ghostbed remote,Commercial Investigation
312,the ghost bed mattress,Informational
313,where to buy ghostbed,Informational
314,ghostbed twin xl,Informational
315,ghost bed full size,Transactional
316,weighted blanket autism,Commercial Investigation
317,what's the difference between twin and twin xl,Informational
318,what is the difference between twin and twin xl,Informational
319,ghost bed adjustable base reviews,Transactional
320,is supima cotton good,Informational
321,is a queen bed the same as a full,Informational
322,will a twin xl mattress fit a twin bed frame,Informational
323,how to remove blood stains from a memory foam mattress,Informational
324,how to remove dried blood stains from mattress,Informational
325,detergent for bed sheets,Informational
326,queen versus king,Informational
327,what are egyptian sheets,Informational
328,weighted blanket dimensions,Informational
329,super king size bed with 2 separate mattresses,Informational
330,weighted blanket size guide,Informational
331,the best mattress for fibromyalgia sufferers,Transactional
332,how many bed sheets should you have,Informational
333,foundation vs box spring,Informational
334,king queen bed comparison,Informational
335,how to get out a blood stain from a mattress,Informational
336,difference in queen and king bed,Informational
337,should i sleep with my feet elevated,Informational
338,elevate head of bed,Informational
339,how to clean urine from a memory foam mattress,Informational
340,adjustable bed frame with massage,Informational
341,is a queen bigger than a full,Informational
342,difference between a full and queen,Informational
343,how to wash bedding,Informational
344,is it good to sleep with head elevated,Informational
345,supima cotton vs egyptian cotton,Informational
346,hybrid mattress,Informational
347,acid reflux sleeping position,Informational
348,raising head of bed for breathing,Informational
349,bed mattress,Unknown
350,king size bed dimensions,Informational
351,benefits of adjustable bed,Informational
352,how to clean blood out of a mattress,Informational
353,how do you deep clean a memory foam mattress,Informational
354,bed dimensions,Informational
355,get pee out of mattress,Informational
356,remove urine stain from mattress,Informational
357,how to clean urine from a mattress with vinegar,Informational
358,how to clean a used mattress,Informational
359,get human urine out mattress,Informational
360,memory foam vs spring,Unknown
361,pillow in washing machine,Informational
362,getting urine out of mattress,Informational
363,difference between a full and a queen,Informational
364,twin box spring dimensions,Informational
365,twin mattress,Informational
366,adjustable bed base king,Informational
367,how to get blood out of pillow,Informational
368,mattress without springs,Transactional
369,how much wider is a king bed than a queen,Informational
370,king size split adjustable bed,Informational
371,urine out of mattress,Informational
372,how to get zero gravity position on adjustable bed,Informational
373,is a queen size bed bigger than a king,Informational
374,sex positions in adjustable beds,Informational
375,buy now pay later beds bad credit,Commercial Investigation
376,split bed,Unknown
377,twin bed vs twin xl,Informational
378,cleaning memory foam mattress,Informational
379,twin mattress vs twin xl,Informational
380,which is bigger king or queen,Informational
381,king size bed with 2 separate mattresses,Commercial Investigation
382,sanitize mattress cleaning,Informational
383,best mattress for arthritis and fibromyalgia,Informational
384,how do you clean a mattress from water damage,Informational
385,ghostbed flex review,Informational
386,can you elevate your leg too much,Informational
387,how to clean memory foam mattress after bedwetting,Informational
388,what setting for sheets,Informational
389,weighted blanket sizes for adults,Informational
390,difference between memory foam mattress and regular mattress,Informational
391,vacuum packed mattress,Commercial Investigation
392,how do you get blood out of a mattress,Informational
393,are full and queen beds the same,Informational
394,how to remove period stains from mattress,Informational
395,how to get pee out of a bed,Informational
396,best mattress topper for fibromyalgia 2018,Transactional
397,weighted blanket size for full bed,Informational
398,what size is a twin mattress,Informational
399,should i get a full or queen bed,Informational
400,king bed that separates,Transactional
401,how to get blood out of bed,Informational
402,adaptive foam vs memory foam,Informational
403,twin xl bed,Unknown
404,how to clean blood off a mattress,Informational
405,lucid l300,Unknown
406,dual king mattress size,Informational
407,ghostpillow real time cooling aerated gel memory foam pillow,Informational
408,20 year warranty mattress,Informational
409,split king adjustable,Informational
410,how to clean urine from mattress without baking soda,Informational
411,48x72 blanket size,Informational
412,zero gravity adjustable bed position,Commercial Investigation
413,how to sanitize a bed mattress,Informational
414,how to clean cat pee out of mattress,Informational
415,how to get pee out of memory foam,Informational
416,should i wash new sheets,Informational
417,whats the difference between a full and a queen,Informational
418,adjustable power base,Informational
419,blood in the bed,Informational
420,zero gravity sleep position,Transactional
421,3d matrix,Unknown
422,spring mattress,Informational
423,rotate mattress,Informational
424,remove pee stains from mattress,Informational
425,queen size adjustable base,Transactional
426,full versus queen,Informational
427,how to improve circulation in legs while sleeping,Informational
428,whats the difference between full and queen,Informational
429,spring bed,Transactional
430,pee out of mattress,Unknown
431,twinxl,Unknown
432,zibby com,Informational
433,is higher thread count better,Informational
434,what is the difference between full and queen,Informational
435,ghost king bed,Transactional
436,ghostbed in store,Transactional
437,benefits of elevating legs,Informational
438,how to wash foam pillows,Informational
439,ghost bed pillow review,Informational
440,how much does a queen mattress cost,Informational
441,ghostbed mattress near me,Informational
442,ghostbed 11 queen memory foam mattress,Transactional
443,where can i try a ghostbed,Informational
444,ghostbed california king,Informational
445,ghostbed split king adjustable base,Informational
446,ghost beds for sale,Transactional
447,zero gravity bed frame,Transactional
448,ghost bed deals,Informational
449,ghostbed sheets review,Informational
450,buy now pay later mattress,Informational
451,best mattress for snoring,Informational
452,zibby payment,Unknown
453,whats bigger king or queen,Informational
454,queen size vs full size,Informational
455,ghostbed luxe mattress,Informational
456,double bed vs queen,Informational
457,ghostbed financing,Informational
458,split king size bed,Informational
459,ghostbed warranty registration,Unknown
460,ghost bed com,Informational
461,ghostbed vs brooklyn bedding,Unknown
462,ghostbed vs purple,Unknown
463,how to clean blood stain from mattress,Informational
464,how to clean cat pee from mattress,Informational
465,nectar adjustable base,Informational
466,are queen and full the same,Unknown
467,pima vs egyptian cotton,Informational
468,which is bigger queen or full,Informational
469,which side to sleep on for acid reflux,Informational
470,washer settings for sheets,Informational
471,how do you get pee out of a mattress,Unknown
472,cooling pillow,Commercial Investigation
473,king queen bed,Unknown
474,supima cotton or egyptian cotton,Informational
475,sleeping with knees elevated,Informational
476,what size is a weighted blanket,Informational
477,twin mattress measurements,Informational
478,ghostpillow faux down,Transactional
479,two mattress bed,Transactional
480,adjustable king mattress,Transactional
481,is full and queen the same,Informational
482,what is zero gravity adjustable bed,Informational
483,mattress disinfectant spray,Informational
484,how to get blood out of a tempurpedic mattress,Informational
485,california king dimensions,Informational
486,mattress bundle,Informational
487,king mattress dimensions,Informational
488,zero gravity position,Informational
489,can you clean pee out of memory foam,Informational
490,is it good to sleep with legs raised,Informational
491,is queen size and full the same,Informational
492,average cost of queen mattress,Informational
493,ghost pillow review,Transactional
494,king bed vs queen bed size,Informational
495,how to get stains out of mattress blood,Informational
496,is a queen bigger than a king,Informational
497,how to clean pee out of a memory foam mattress,Informational
498,ghost luxe,Unknown
499,pima cotton vs egyptian cotton,Informational
500,is it good to sleep with your legs up,Informational
501,full and queen,Informational
502,how many bed sheets do i need,Informational
503,tempur zero g bed base,Unknown
504,how to clean a tempurpedic mattress,Informational
505,king vs queen size bed difference,Informational
506,how to remove cat urine from foam mattress,Informational
507,is a full queen the same size as a queen,Informational
508,how to remove dried blood from mattress,Informational
509,twin size bed dimensions,Informational
510,lucid adjustable bed,Informational
511,zero gravity sleep,Informational
512,the best mattress for fibromyalgia sufferers 2017,Informational
513,how to get pee out of memory foam mattress,Informational
514,how to remove urine odor from mattress,Informational
515,king size adjustable bed,Transactional
516,my dog peed on my tempurpedic mattress,Informational
517,queen vs eastern king,Unknown
518,how to remove blood from bed,Informational
519,how to get out blood stains from a mattress,Informational
520,are full and queen the same,Informational
521,zero g bed tempur,Unknown
522,ghost mattress in a box,Informational
523,how to remove pee from mattress,Informational
524,how disinfect mattress,Informational
525,flex king mattress,Transactional
526,should you wash new sheets,Informational
527,what is supima cotton,Navigational
528,no spring mattress,Informational
529,twin adjustable bed frame,Informational
530,how to clean dried urine from mattress,Informational
531,mattress size comparison chart,Informational
532,how long do memory foam mattresses last,Informational
533,how much does a mattress cost,Informational
534,compare mattress sizes,Informational
535,full queen vs queen,Informational
536,dual adjustable king bed,Transactional
537,mattress foundation,Transactional
538,how to get blood out of mattress pad,Informational
539,sleep meme,Unknown
540,king mattress size,Informational
541,sleep with your head elevated,Informational
542,how to clean dog pee off mattress,Informational
543,queen adjustable bed,Informational
544,how to get rid of pee stains on mattress,Informational
545,twin memory foam mattress,Transactional
546,how to dry sheets,Informational
547,mattress firmness chart,Informational
548,king size memory foam mattress,Transactional
549,width of queen bed,Informational
550,blood stain out of mattress,Informational
551,how to clean pee out of foam mattress,Informational
552,best way to sleep with acid reflux,Informational
553,size of queen mattress,Informational
554,get cat pee out of mattress,Informational
555,ghostbed coupon,Commercial Investigation
556,how wide is a queen bed,Informational
557,clean urine off mattress,Informational
558,how to clean dog pee from mattress,Informational
559,thread count sheets,Informational
560,twin adjustable bed base,Transactional
561,how much wider is a king than a queen,Informational
562,get blood stain out of mattress,Informational
563,adjustable bed base with massage,Transactional
564,twin and twin xl,Informational
565,how to clean pillows that can t be washed,Informational
566,how do i remove blood from a mattress,Informational
567,how do you get urine out of a memory foam,Informational
568,how to clean urine off a mattress,Informational
569,remove period blood from mattress,Informational
570,is a full bed the same as a queen,Informational
571,how to remove a period stain from mattress,Informational
572,difference between full and queen size bed,Informational
573,how to get dog urine out of mattress,Unknown
574,zero g bed frame,Unknown
575,how wide is a queen mattress,Informational
576,what setting do you wash sheets on,Informational
577,how much larger is a king bed vs queen,Informational
578,is it good to sleep with your feet up,Informational
579,latex vs foam mattress,Informational
580,what size weighted blanket to get,Informational
581,how to get period stains out of bed,Informational
582,drinkin bros podcast,Unknown
583,foam or spring mattress,Informational
584,how to get dried blood off a mattress,Informational
585,sleeping with legs raised,Informational
586,clean urine from foam mattress,Informational
587,how to get pee stains out of bed,Informational
588,how to get pee smell out of bed,Informational
589,split king mattress reviews,Informational
590,mattresses like purple,Informational
591,how to clean pee off a mattress,Informational
592,latex vs memory foam mattress,Informational
593,ghostbed mattress reviews,Informational
594,urine stains on mattress,Informational
595,keep head elevated,Informational
596,tempur pedic ergo plus reviews,Transactional
597,cleaning urine out of mattress,Informational
598,supima sheets,Transactional
599,get urine smell out of mattress,Informational
600,head elevation pillow,Transactional
601,lux bed,Navigational
602,remove urine smell from mattress,Informational
603,raise head of bed for breathing,Informational
604,sleeping with head of bed elevated,Informational
605,size difference between full and queen mattress,Informational
606,difference between full and queen mattress,Informational
607,what is zero gravity bed,Informational
608,full or queen bed,Informational
609,anti gravity bed,Unknown
610,king size adjustable bed frame,Informational
611,purple mattress competitors,Informational
612,how do cooling pillows work,Informational
613,what bed is bigger king or queen,Informational
614,how often should you buy new sheets,Informational
615,twin vs twin xl dimensions,Informational
616,is queen size bigger than king,Informational
617,mattress king,Informational
618,katapult zibby,Navigational
619,king v queen bed,Informational
620,zibby loan,Unknown
621,mattress power base,Informational
622,can you wash foam pillows,Informational
623,what temperature do you wash sheets,Informational
624,whats bigger a king or queen bed,Informational
625,king versus queen bed,Informational
626,full mattress on queen frame,Informational
627,twin xl bed frame,Transactional
628,what size weighted blanket should i buy,Informational
629,full or queen,Unknown
630,whats bigger queen or king,Informational
631,is full size same as queen,Informational
632,extra long twin bed,Commercial Investigation
633,mattress military discount,Informational
634,ghostbed vs nectar,Informational
635,difference between king and queen mattress,Informational
636,width of queen bed vs king,Informational
637,2 twin xl vs king,Informational
638,bed and mattress bundle,Transactional
639,king size mattress dimensions,Informational
640,suprima cotton,Informational
641,best mattress for chronic pain,Informational
642,supima or egyptian cotton sheets,Informational
643,ghostbed 11 split king,Informational
644,is a double bed the same as a queen,Informational
645,how to wash new sheets,Informational
646,how to get urine out of couch foam,Informational
647,luxe,Navigational
648,mattress smells like urine,Informational
649,get pee stain out of mattress,Informational
650,what is supima cotton sheets,Informational
651,best way to get pee out of a mattress,Informational
652,mattress cover queen,Transactional
653,clean pee out of foam mattress,Informational
654,bed frame warranty,Informational
655,are spring mattresses bad,Informational
656,how to remove blood stains from matress,Informational
657,how to elevate your legs,Informational
658,how much bigger is a queen bed than a full,Informational
659,benefits of sleeping with head elevated,Informational
660,ghostbed off gassing,Informational
661,blood bed,Informational
662,full bed vs queen bed,Informational
663,dual king bed,Informational
664,how to clean blood stain off mattress,Informational
665,how to flip a mattress,Unknown
666,best way to wash sheets,Informational
667,queen box spring measurements,Informational
668,sanitizing mattress home,Informational
669,sleeping propped up,Informational
670,full size vs queen size mattress,Unknown
671,faux down,Informational
672,get period blood off mattress,Informational
673,clean blood from mattress,Informational
674,king box spring dimensions,Informational
675,washing foam pillows,Informational
676,twin size mattress dimensions,Informational
677,how to take period stains out of mattress,Informational
678,acid reflux bed,Transactional
679,difference in twin and twin xl,Informational
680,blood on mattress removal,Unknown
681,how to get rid of urine smell on mattress,Informational
682,2 mattresses one bed,Transactional
683,zero g tempur pedic,Unknown
684,split adjustable base king,Informational
685,how to get blood stains out of a matress,Informational
686,pee on foam mattress topper,Informational
687,how do you clean blood off a mattress,Informational
688,is queen bigger than full,Informational
689,adjustable power base bed frame,Informational
690,3d memory foam mattress reviews,Transactional
691,split adjustable bed frame,Informational
692,sex positions on adjustable bed,Unknown
693,is queen the same as full,Informational
694,split king bed with adjustable base,Transactional
695,keep head elevated while sleeping,Informational
696,is a full size bed the same as a queen,Informational
697,difference between a queen and a king,Informational
698,what is zibby,Navigational
699,how much does a good mattress cost,Informational
700,bed bundles,Transactional
701,difference between egyptian cotton and supima cotton,Informational
702,twin xl size,Informational
703,two twins make a queen,Informational
704,full size compared to queen,Informational
705,what is the difference between a full and a queen,Informational
706,is memory foam mattress good,Informational
707,how to get urine out of a mattress pad,Informational
708,is full queen,Informational
709,how to get blood stain off mattress,Informational
710,can memory foam pillows be washed,Informational
711,wash new sheets,Informational
712,how to wash foam pillows in the washing machine,Informational
713,full compared to queen,Informational
714,how long do foam mattresses last,Informational
715,how to get pee out of a foam mattress,Informational
716,how do you clean pee out of a foam mattress,Informational
717,get pee smell out of mattress,Informational
718,mattress bundle deals,Transactional
719,king size bed meme,Unknown
720,split king adjustable base and mattress,Informational
721,bed flex,Unknown
722,how to clean pee out of mattress topper,Informational
723,supima,Navigational
724,best bed for fibromyalgia,Transactional
725,what is a good thread count for sheets,Informational
726,size difference queen and king,Informational
727,how to get blood out of bed mattress,Informational
728,mattress donation,Commercial Investigation
729,box spring versus foundation,Transactional
730,how to get urine out of memory foam mattress topper,Informational
731,queen versus king size bed,Informational
732,size difference between king and queen mattress,Informational
733,power adjustable bed,Informational
734,how often to replace tempurpedic mattress,Informational
735,memory foam or spring mattress,Transactional
736,how long does a mattress last,Informational
737,what is pima cotton,Navigational
738,fibromyalgia mattress,Unknown
739,thread count,Unknown
740,best split king mattress,Informational
741,memory foam pillow,Transactional
742,twin xl mattress,Transactional
743,best bed for fibromyalgia uk,Informational
744,cooling mattress,Informational
745,luxe mattress,Unknown
746,difference between a king and queen,Informational
747,california king vs queen,Informational
748,king size bed compared to queen,Informational
749,split king size,Informational
750,queen mattress on full frame,Informational
751,best bed for snoring,Informational
752,how to sleep with head elevated,Informational
753,what is zero gravity position,Informational
754,elevate legs above heart,Informational
755,sleep zero gravity reviews,Transactional
756,2 piece king size mattress,Transactional
757,latex foam mattress,Informational
758,ghost mattress reviews,Informational
759,whats a split king,Informational
760,zibby financing,Informational
761,full v queen bed,Informational
762,cal king dimensions,Informational
763,rotate memory foam mattress,Informational
764,how do you remove blood from a mattress,Informational
765,temperature to wash sheets,Informational
766,can you flip a memory foam mattress,Informational
767,sex adjustable bed,Transactional
768,twin vs twin xl bed frame,Informational
769,how to get blood off mattress topper,Informational
770,difference between full and queen sheets,Informational
771,can a queen mattress fit on a full bed frame,Informational
772,queen size bed size,Informational
773,size difference between twin and twin xl,Informational
774,how to get rid of blood stains on mattress,Informational
775,share the love,Informational
776,obusforme pillow washing instructions,Informational
777,sleeping at an angle,Informational
778,twin xl mattress size,Informational
779,first responder discounts,Informational
780,get urine stain out of mattress,Informational
781,twin xl adjustable bed frame,Informational
782,how to dry bed sheets,Informational
783,how to elevate head of bed,Informational
784,how much bigger is king than queen,Informational
785,are full and queen sheets the same size,Informational
786,king vs queen bed pros and cons,Informational
787,is a full bed bigger than a queen,Informational
788,tempurpedic military discount,Informational
789,twin bed and mattress bundle,Informational
790,cooling mattress protector,Transactional
791,why does thread count matter,Informational
792,bed frame and mattress combo,Transactional
793,average mattress price,Informational
794,coil vs foam mattress,Informational
795,what setting to wash bed sheets,Informational
796,what do you wash sheets on,Informational
797,zero gravity bed complaints,Informational
798,split king dimensions,Informational
799,dual adjustable bed,Commercial Investigation
800,clean urine stain from mattress,Informational
801,best mattress for fibromyalgia 2019,Informational
802,do you wash new sheets,Informational
803,best side to sleep on for heartburn,Informational
804,is queen and full the same,Informational
805,how to clean dog pee out of mattress,Informational
806,how to get old blood stains out of mattress,Unknown
807,how to clean pee stains out of mattress,Informational
808,zero gravity bed side sleeper,Unknown
809,purple mattress twin size,Transactional
810,how to get urine stains out of mattress,Unknown
811,weighted blanket calculator,Informational
812,remove pee from mattress,Informational
813,how to remove pee smell from mattress,Informational
814,bed mattress cover,Informational
815,will a full fit a queen,Unknown
816,is a queen or king bed bigger,Informational
817,full v queen,Informational
818,pee smell out of mattress,Informational
819,benefits of zero gravity bed,Informational
820,twin xl vs full,Unknown
821,is a king bigger than a queen bed,Informational
822,how to dry a wet mattress,Informational
823,do cooling pillows work,Informational
824,how to clean urine from mattress with a pillow top,Informational
825,will a california king fit a king,Informational
826,how much bigger is a queen mattress than a full,Informational
827,is queen or king bed bigger,Informational
828,how to clean a peed bed,Informational
829,pima cotton sheets,Transactional
830,tempur ergo plus,Unknown
831,mattress in a box,Transactional
832,urine smell out of mattress,Informational
833,how many bed sheets in washing machine,Informational
834,how to sleep cooler,Informational
835,can a queen mattress fit in a full frame,Informational
836,how long is a twin xl mattress,Informational
837,no credit check mattress in a box,Informational
838,how to choose bed sheets,Unknown
839,bed delivery,Unknown
840,cat pee on mattress,Informational
841,how do you get urine out of a mattress,Informational
842,what is bigger king or queen,Unknown
843,what's bigger king or queen size bed,Informational
844,queen compared to full,Informational
845,how to elevate legs,Informational
846,cat peed on memory foam mattress,Informational
847,king width vs queen,Informational
848,queen purple mattress price,Informational
849,king or queen bed,Informational
850,remove menstrual stains from mattress,Informational
851,zero gravity bed health benefits,Informational
852,difference in size between queen and full,Unknown
853,two twins vs king,Informational
854,spring mattress advantages and disadvantages,Informational
855,how to clean blood from memory foam mattress,Informational
856,size difference between a full and a queen,Informational
857,full and queen mattress size,Informational
858,dried blood out of mattress,Informational
859,box spring size chart,Informational
860,how big should my weighted blanket be,Commercial Investigation
861,how to clean cat pee from memory foam mattress,Informational
862,california king bed vs queen,Unknown
863,blood stains on mattress how to remove,Informational
864,size of king vs queen,Informational
865,incline bed,Informational
866,best way to remove blood stains from mattress,Informational
867,will a twin xl fit on a twin frame,Informational
868,queen v king size bed,Informational
869,difference in width of queen and king bed,Informational
870,what setting to wash bed sheets on,Informational
871,zibby account,Informational
872,get blood out of mattress cover,Informational
873,ghostbed luxe vs casper wave,Informational
874,size of twin xl vs twin,Informational
875,full mattress dimensions vs queen,Informational
876,twin mattress size chart,Informational
877,bed bundle deals,Informational
878,washing machine settings for bed sheets,Informational
879,adjustable bed base only,Informational
880,how to clean urine out of foam mattress,Informational
881,serta zero g button,Unknown
882,split king vs king size bed,Informational
883,dry blood stain removal from mattress,Informational
884,how much bigger is queen bed than full,Informational
885,weighted blanket scale,Informational
886,two twins vs king mattress,Informational
887,how to wash blankets and sheets,Informational
888,how do you clean urine from a memory foam mattress,Informational
889,california king bed vs king,Informational
890,queen king size,Informational
891,how to remove dog urine from memory foam mattress,Informational
892,elevate your head when sleeping,Informational
893,how to clean dog pee out of a mattress,Informational
894,how to get rid of blood stains from mattress,Informational
895,bed frame for split king adjustable bed,Transactional
896,difference in full and queen bed,Informational
897,adjustable bed for sex,Unknown
898,full vs queen measurements,Informational
899,is a full bed the same as queen,Informational
900,what size is a queen blanket,Informational
901,queen vs king width,Informational
902,how to clean pee from a foam mattress,Informational
903,what size is a queen mattress,Informational
904,ease bed zero g,Transactional
905,purple mattress alternative,Informational
906,how much is a bed,Informational
907,twin xl dimensions,Informational
908,full versus queen bed,Informational
909,how to clean a mattress topper from pee,Informational
910,whats bigger queen or king bed,Informational
911,wet mattress,Informational
912,how to determine size of weighted blanket,Informational
913,how to get rid of pee smell on mattress,Informational
914,mattress causing hip pain,Informational
915,how do i get dried urine out of a mattress,Informational
916,what to do if you pee on a foam mattress,Informational
917,what is zibby financing,Informational
918,how do i get period blood out of my mattress,Informational
919,king size bed vs queen size bed,Informational
920,how to get rid of period blood on mattress,Informational
921,autism blanket,Commercial Investigation
922,can you use twin xl sheets on a twin bed,Informational
923,ghost bed vs ghostbed luxe,Informational
924,ghost bed complaints,Commercial Investigation
925,twin size box spring dimensions,Informational
926,zibby wayfair,Informational
927,how important is thread count in sheets,Informational
928,who accepts zibby,Informational
929,twin vs twin xl sheets,Informational
930,blood stain on mattress cover,Informational
931,difference between king and california king,Informational
932,what should you wash sheets on,Informational
933,sizes for weighted blankets,Transactional
934,how to deep clean a memory foam mattress,Informational
935,how to get fresh blood out of a mattress,Informational
936,difference between king and cal king,Informational
937,california king bed size,Commercial Investigation
938,short queen vs queen,Informational
939,how to remove cat urine from mattress,Informational
940,how to get blood out of a bed mattress,Informational
941,difference between queen and king mattress size,Informational
942,how to remove blood stains from mattress cover,Informational
943,full size bed versus queen,Informational
944,divided mattress,Informational
945,ghostbed competitors,Informational
946,best sleeping position for heartburn,Informational
947,remove blood stains from foam mattress,Informational
948,adjustable foundation,Transactional
949,free mattress giveaway,Informational
950,adjustable beds for fibromyalgia,Informational
951,how to wash a cotton pillow,Informational
952,cleaning foam mattress,Informational
953,regular mattress,Informational
954,tuft & needle vs ghostbed,Informational
955,king bed vs queen bed dimensions,Informational
956,queen vs full xl,Informational
957,how to wash bed sheets in washer,Informational
958,how often rotate mattress,Informational
959,how to remove dried menstrual blood stains from mattress,Informational
960,how long should a memory foam mattress last,Informational
961,is it safe to sleep in zero gravity position,Informational
962,clean memory foam pillow,Informational
963,twin versus twin xl,Unknown
964,how do u get blood stains out of a mattress,Informational
965,how to clean foam pillows,Informational
966,california king mattress,Transactional
967,vacuum sealed bed,Informational
968,how does zibby work,Informational
969,how to get out dried blood stains on mattress,Unknown
970,how to clean a period stain from a mattress,Informational
971,twin twin xl,Informational
972,how to get period blood out of a matress,Informational
973,king size bed dimensions vs queen,Informational
974,weighted blanket for size,Commercial Investigation
975,pee on memory foam,Unknown
976,difference in queen and full,Informational
977,latex foam,Informational
978,is it ok to sleep with feet elevated,Informational
979,how much wider is a queen than a full,Informational
980,how to remove old blood stains from mattress,Informational
981,cant sleep meme,Unknown
982,what does full queen mean,Informational
983,latex or memory foam,Informational
984,how to get dog urine out of foam mattress,Informational
985,sizing weighted blankets,Informational
986,full bed dimensions vs queen,Informational
987,pima vs supima,Informational
988,ghost queen,Unknown
989,weighted blanket by size,Commercial Investigation
990,can you steam clean a memory foam mattress,Informational
991,king size foam mattress,Transactional
992,double vs queen,Unknown
993,remove pee smell from mattress,Informational
994,queen vs king mattress dimensions,Informational
995,best way to get urine out of mattress,Informational
996,mattress delivery,Transactional
997,california king,Transactional
998,how to dry a mattress,Informational
999,is it good to sleep with your legs raised,Informational
1000,how to clean urine from couch foam,Informational
1001,how to get cat urine out of foam mattress,Informational
1002,how much does a purple mattress cost,Informational
1003,how much is a queen size purple mattress,Informational
1004,what is foam mattress,Informational
1005,elevated bed,Transactional
1006,difference between box spring and foundation,Informational
1007,how to get rid of urine smell in bed,Informational
1008,how long to elevate legs,Informational
1009,twin vs full,Informational
1010,danger of urine in mattress,Informational
1011,how to get blood out of a foam mattress,Informational
1012,queen compared to king,Informational
1013,full xl vs queen,Informational
1014,weighted blanket for queen bed,Informational
1015,how much does a queen bed cost,Informational
1016,mattress for snoring,Informational
1017,full size versus queen,Informational
1018,how to clean a mattress with blood stain,Informational
1019,how to get dried blood stains out of mattress,Informational
1020,cleaning pee out of memory foam,Informational
1021,lying with legs elevated,Informational
1022,benefits of elevating feet,Informational
1023,best thread count for sheets,Informational
1024,mattress and adjustable base,Transactional
1025,zibby finance,Informational
1026,how to get rid of pee smell in mattress,Informational
1027,size difference queen and full,Informational
1028,pee on memory foam mattress,Informational
1029,bed sizes in order,Informational
1030,are pillows machine washable,Informational
1031,ergo plus adjustable base,Informational
1032,why is thread count important in sheets,Informational
1033,is king bed bigger than queen,Informational
1034,how wide is a full size bed,Informational
1035,how to rotate a mattress,Informational
1036,how to clean a wet mattress,Informational
1037,2 piece king mattress,Transactional
1038,turning mattress,Informational
1039,mattress cover protector,Transactional
1040,how to clean sheets,Informational
1041,what is the size difference between queen and full,Informational
1042,king adjustable bed with mattress,Transactional
1043,hybrid mattress king,Transactional
1044,queen or full size bed,Informational
1045,are foam mattresses good,Commercial Investigation
1046,snoring bed,Unknown
1047,how to remove period blood from bed,Unknown
1048,bed sheet thread count,Informational
1049,king and queen size bed difference,Informational
1050,is king or queen bigger,Unknown
1051,is sleeping elevated good for you,Informational
1052,queen v full bed,Informational
1053,average queen size mattress price,Informational
1054,how to remove urine from mattress pad,Informational
1055,box spring mattress,Transactional
1056,best side to sleep on for acid reflux,Informational
1057,how to get dog pee out of bed,Informational
1058,how to raise head of bed,Informational
1059,how to get urine smell out of bed,Informational
1060,size difference between a queen and a full,Informational
1061,best mattress for stomach sleepers,Informational
1062,is a king bed bigger than a queen bed,Informational
1063,what are the dimensions of a queen size bed,Informational
1064,how many inches is a twin mattress,Informational
1065,weighted blanket chart size,Informational
1066,twin vs extra long twin,Informational
1067,washing bedding,Informational
1068,how do you get urine stains out of a mattress,Unknown
1069,is it good to elevate your feet while sleeping,Informational
1070,difference between full size and queen,Informational
1071,mattress foundation vs box spring,Informational
1072,best mattress for hip pain,Informational
1073,is full bigger than queen,Informational
1074,what's bigger king or queen bed,Informational
1075,sheets for ghostbed,Informational
1076,weighted blanket weight chart,Informational
1077,buy now pay later beds,Transactional
1078,used purple mattress,Transactional
1079,pima cotton vs cotton,Unknown
1080,is it safe to spray lysol on a mattress,Informational
1081,water damaged mattress,Informational
1082,what is egyptian cotton sheets,Informational
1083,twin xl length vs twin,Informational
1084,how to determine weighted blanket,Informational
1085,urine smell in mattress,Informational
1086,is a full size bed bigger than a queen,Unknown
1087,how do you remove a blood stain from a mattress,Commercial Investigation
1088,what size blanket is 48x72,Informational
1089,whats the difference between a queen and a full,Informational
1090,how to disinfect a used mattress,Informational
1091,whats the difference between queen and full,Informational
1092,casper vs helix vs ghostbed,Informational
1093,benefits of raising the head of your bed,Informational
1094,which is bigger king or queen size bed,Informational
1095,pee out of memory foam mattress,Informational
1096,queen bed compared to king,Informational
1097,period stain mattress,Informational
1098,mattress giveaway,Informational
1099,supima cotton vs pima cotton,Informational
1100,blood off mattress,Informational
1101,zero g bed position,Informational
1102,weighted blanket for king size bed,Informational
1103,spring and foam mattress,Transactional
1104,urine stain memory foam mattress,Informational
1105,what does elevating your legs do,Informational
1106,zero g sleep position,Informational
1107,when to replace bed sheets,Informational
1108,purple mattress queen price,Informational
1109,twin bed mattress,Transactional
1110,lull mattress,Informational
1111,queen bed compared to full,Informational
1112,queen and king beds difference,Informational
1113,how wide is a twin bed,Informational
1114,electric bed base,Transactional
1115,bed sizes in feet,Informational
1116,adjustable bed positions,Informational
1117,what washer setting for bed sheets,Informational
1118,how to clean dog urine from mattress,Informational
1119,whats the difference between a twin and a twin xl,Informational
1120,weighted blanket queen,Transactional
1121,raise mattress head,Informational
1122,what is the difference between memory foam and spring mattress,Informational
1123,king queen size mattress,Informational
1124,best washing machine setting for bed sheets,Informational
1125,queen hybrid mattress,Informational
1126,weighted blanket measurements,Informational
1127,which is bigger a queen or a full,Informational
1128,purple mattress twin xl,Informational
1129,how to get blood out of a mattress cover,Informational
1130,mattress dimensions,Informational
1131,bed bacteria spray,Informational
1132,memory foam mattress smells of sweat,Informational
1133,can i flip a memory foam mattress,Informational
1134,how to clean pee out of a tempurpedic mattress,Informational
1135,full vs queen sheets,Informational
1136,can a full mattress fit on a queen bed frame,Informational
1137,cleaning pee off pillow top mattress,Informational
1138,full mattress,Informational
1139,coil beds vs foam,Informational
1140,will queen mattress fit full frame,Informational
1141,king mattress,Unknown
1142,twin xl length,Informational
1143,best disinfectant spray for mattress,Informational
1144,mattress size twin vs twin xl,Informational
1145,best way to get dog pee out of mattress,Informational
1146,will a full bed frame fit a queen mattress,Informational
1147,full vs queen vs king dimensions,Informational
1148,memory foam mattress pros and cons,Informational
1149,zero gravity position during pregnancy,Informational
1150,how to clean wet urine from mattress,Informational
1151,spring foam mattress,Informational
1152,is super king and queen the same size,Informational
1153,twin xl bed dimensions,Informational
1154,how to elevate the head of your bed,Informational
1155,bed giveaway,Unknown
1156,queen width,Unknown
1157,memory foam spring mattress,Transactional
1158,standard queen box spring dimensions,Informational
1159,how to get pee out of a matress,Informational
1160,pima cotton sheets reviews,Transactional
1161,how much does a queen size mattress cost,Informational
1162,20 year mattress,Transactional
1163,how to get yellow pee stain out of mattress,Informational
1164,how to clean urine stains from a tempurpedic mattress,Informational
1165,does thread count matter when buying sheets,Informational
1166,luxe warranty,Unknown
1167,full size vs queen size bed,Informational
1168,are memory foam mattresses good,Informational
1169,remove urine smell from foam mattress,Informational
1170,king or queen bigger,Informational
1171,king vs queen bed measurements,Informational
1172,ghostbed too firm,Unknown
1173,how long is a twin bed,Informational
1174,mattress stain remover,Informational
1175,how to raise the head of your bed,Informational
1176,how big is a split king mattress,Informational
1177,best mattress for split king,Informational
1178,queen and full size,Informational
1179,twin box spring measurements,Informational
1180,casper vs lull vs ghostbed,Unknown
1181,how to fall asleep when you re nauseous,Informational
1182,size difference of king and queen bed,Informational
1183,queen bed vs full bed size,Informational
1184,what is the size of a split king mattress,Informational
1185,scary mattress,Unknown
1186,giza cotton vs pima cotton,Unknown
1187,full or queen size,Informational
1188,how do you get urine smell out of a mattress,Informational
1189,full vs a queen,Informational
1190,split king what is,Informational
1191,spring mattress vs foam mattress india,Informational
1192,how big is a queen size bed,Informational
1193,nectar frame review,Informational
1194,how much smaller is a full than a queen,Informational
1195,memory foam vs coil mattress,Informational
1196,how much is a good queen size mattress,Informational
1197,split king memory foam mattress with adjustable base,Informational
1198,how much bigger is a king to a queen,Informational
1199,how big is a twin mattress,Informational
1200,what to put on pee on mattress,Informational
1201,how to elevate your head with pillows,Informational
1202,how to determine the right size weighted blanket,Informational
1203,how do you clean a tempurpedic mattress,Informational
1204,wash sheets on hot or cold,Informational
1205,what does queen split mattress set mean,Informational
1206,is lower or higher thread count better,Informational
1207,compare size of double and queen bed,Informational
1208,how to get pee stain off of mattress,Informational
1209,how are memory foam mattresses shipped,Informational
1210,how to get cat urine out of mattress,Informational
1211,pee smell in mattress,Informational
1212,weighted blanket fitting,Commercial Investigation
1213,zero gravity setting on sleep number bed,Commercial Investigation
1214,king size and queen size,Informational
1215,how to get pee off mattress,Informational
1216,pressure on feet when sleeping,Informational
1217,full bed compared to queen,Informational
1218,how much wider is a king bed than queen,Informational
1219,leesa sapira vs casper wave,Informational
1220,queen dimensions,Informational
1221,how to incline your bed,Informational
1222,how to get blood stains out of bed,Informational
1223,how to clean pee off a mattress topper,Informational
1224,how to get dog pee out of memory foam mattress,Informational
1225,king bed compared to queen,Informational
1226,g mattress,Unknown
1227,size chart for weighted blanket,Informational
1228,disinfectant spray for bed,Informational
1229,2 twins vs 1 king,Informational
1230,how to get a pee smell out of a mattress,Informational
1231,twin bed measurements,Informational
1232,a full bed compared to a queen bed,Informational
1233,what is difference between king size and queen size bed,Informational
1234,how to clean blood stains out of a mattress,Informational
1235,queen size box spring measurements,Informational
1236,difference between full queen and queen,Informational
1237,pillow elevate legs above heart,Informational
1238,size difference between a queen and king,Informational
1239,what temperature should i wash my sheets,Informational
1240,bed payment,Transactional
1241,difference between pima cotton and egyptian cotton,Informational
1242,twin queen king,Unknown
1243,is a full bigger than a queen,Informational
1244,can you fit a twin xl on a twin frame,Informational
1245,price of purple mattress queen,Commercial Investigation
1246,how to get cat pee out of foam mattress,Informational
1247,should you rotate a tempur mattress,Informational
1248,how to deep clean memory foam mattress,Informational
1249,queen mattress measurements,Informational
1250,how to sleep with gastritis,Informational
1251,how to get pee smell out of a bed,Informational
1252,how to clean a blood stain from a mattress,Informational
1253,what is a spring mattress,Informational
1254,should i buy a foam mattress,Informational
1255,casper wave vs sapira,Unknown
1256,sleep zero gravity beds,Informational
1257,how do you get dried blood out of a mattress,Informational
1258,twin vs queen,Informational
1259,size difference from king to queen bed,Informational
1260,are king beds bigger than queen,Informational
1261,how much does a queen size bed cost,Informational
1262,king vs queen size comparison,Informational
1263,what is zero gravity mattress,Informational
1264,bed firmness guide,Informational
1265,what is better higher thread count or lower,Informational
1266,split double bed,Informational
1267,double bed size vs queen,Informational
1268,firm mattress pros and cons,Informational
1269,best mattress for fibromyalgia 2018,Informational
1270,what is supima sheets,Informational
1271,baking soda blood stain,Informational
1272,foam mattress vs spring mattress,Informational
1273,difference between a twin and twin xl,Informational
1274,is a super king size bed bigger than a queen,Informational
1275,elevate head definition,Informational
1276,is a full smaller than a queen,Informational
1277,king size mattress size,Informational
1278,memory foam bed in a box,Transactional
1279,whats the difference between king and california king,Informational
1280,queen bed versus king bed,Informational
1281,firmness,Informational
1282,how to wash pillows,Informational
1283,is a double size bed the same as a queen,Informational
1284,get dog pee out of mattress,Informational
1285,is memory foam mattress better than spring,Informational
1286,is pima cotton better than egyptian cotton,Informational
1287,what is the best way to elevate your legs,Informational
1288,sleeping with head of bed raised,Informational
1289,what does thread count mean,Informational
1290,washing machine setting for bed sheets,Informational
1291,what to do if pee on mattress,Informational
1292,lull bed,Unknown
1293,king memory foam mattress,Transactional
1294,100 supima cotton sheets,Transactional
1295,cooling sheets,Informational
1296,the luxe mattress,Unknown
1297,if a mattress gets wet is it ruined,Informational
1298,split adjustable mattress,Informational
1299,best way to clean pee out of a mattress,Informational
1300,how to clean a urine soaked mattress,Informational
1301,what does thread count mean for sheets,Informational
1302,how should you wash sheets,Informational
1303,clean bed sheets,Informational
1304,what is the difference between a full and queen bed,Informational
1305,drinkin bros sponsors,Unknown
1306,how to fall asleep quickly,Informational
1307,best way to clean urine from mattress,Informational
1308,cleaning pee off a mattress,Informational
1309,how to get pee stains out of mattress with vinegar,Informational
1310,split king adjustable bed and mattress,Commercial Investigation
1311,dry pee stain on mattress,Informational
1312,clean mattress from pee,Informational
1313,what are the dimensions of a queen size mattress,Informational
1314,how much smaller is a full from a queen,Informational
1315,latex foam vs memory foam,Informational
1316,feet above heart,Informational
1317,twin size weighted blanket,Informational
1318,memory foam versus coil mattresses,Informational
1319,cal king vs king bed,Informational
1320,how to elevate feet in bed,Informational
1321,acid reflux elevate head of bed,Informational
1322,open coil memory foam mattress reviews,Informational
1323,width of full bed,Informational
1324,difference in size of queen and king mattress,Informational
1325,king size vs queen size mattress,Informational
1326,how to remove period stains on bed,Informational
1327,how long is a twin xl bed,Informational
1328,ghostbed promo code,Commercial Investigation
1329,mattress got rained on,Informational
1330,two twin xl make a king,Informational
1331,weighted blanket weight guide,Informational
1332,how to get pee off a mattress,Informational
1333,king bed with 2 mattresses,Informational
1334,how to clean a mattress pee stain,Informational
1335,cal king mattress,Informational
1336,how to get urine stains out of mattress pad,Informational
1337,can i flip my memory foam mattress,Unknown
1338,how big should weighted blanket be,Informational
1339,weighted blanket size for me,Informational
1340,how to elevate bed,Informational
1341,sleeping with legs propped up,Informational
1342,free memory foam,Transactional
1343,latex vs memory foam topper,Informational
1344,get dried blood out of mattress,Informational
1345,how to get pee stains off of a mattress,Unknown
1346,super king vs queen size bed,Informational
1347,purple mattress knock off,Informational
1348,stains out of memory foam mattress,Informational
1349,how to get pee out of the mattress,Informational
1350,queen size mattress size,Informational
1351,twin dimensions vs twin xl,Informational
1352,california king mattress size,Informational
1353,damaged bed,Unknown
1354,what is the difference between king and california king,Informational
1355,king size mattress with adjustable base,Transactional
1356,memory foam mattress urine cleaning,Informational
1357,mattress for fibromyalgia patients,Informational
1358,how to improve blood circulation in legs while sleeping,Informational
1359,twin xl mattress dimensions,Informational
1360,bed frame two mattresses,Informational
1361,full vs double bed,Informational
1362,good thread count,Informational
1363,how to clean bed from urine,Informational
1364,dried blood off mattress,Informational
1365,will a king bed fit in a california king frame,Informational
1366,weighted blanket guidelines,Informational
1367,how to dry out a mattress,Informational
1368,bed protector,Unknown
1369,king bed made of two twins,Informational
1370,how to flip a heavy mattress,Informational
1371,how to clean shredded memory foam pillow,Informational
1372,best mattress for hip pain 2019,Informational
1373,what gets urine stains out of mattress,Informational
1374,king and queen mattress size,Informational
1375,clean blood stains from mattress,Informational
1376,how to wash sheets and pillow cases,Informational
1377,how big is a king mattress compared to a queen,Unknown
1378,what takes out blood stains from mattress,Informational
1379,can a queen mattress fit on a full frame,Informational
1380,how do you get pee out of a bed,Informational
1381,queen size memory foam mattress,Informational
1382,twin and twin xl size,Informational
1383,latex vs gel memory foam mattress,Transactional
1384,queen room king room difference,Informational
1385,the coolest beds,Transactional
1386,how to take period stains off mattress,Informational
1387,dryer setting for sheets,Informational
1388,cleaning urine out of memory foam topper,Informational
1389,purple mattress twin price,Informational
1390,king bed measurements,Informational
1391,raising legs benefits,Informational
1392,how to remove dried period stains from mattress,Informational
1393,how to clean foam mattress with urine on it,Informational
1394,mattress protector king,Informational
1395,how to sleep elevated comfortably,Informational
1396,how to get rid of old blood stains on mattress,Informational
1397,length of queen bed vs king,Informational
1398,fibro pedic mattress,Informational
1399,what does a full bed look like,Informational
1400,how to disinfect foam,Informational
1401,0 apr mattress,Informational
1402,pay monthly king size bed,Unknown
1403,weighted blanket throw size,Commercial Investigation
1404,best way to clean cat urine from mattress,Informational
1405,is a split king the same as twin xl,Informational
1406,how long does a tempurpedic mattress last,Informational
1407,queen size mattress on full size bed,Informational
1408,length of queen bed,Informational
1409,clean dried cat urine from mattress,Informational
1410,how to remove smell from mattress,Informational
1411,how many inches difference between queen and king,Informational
1412,zibby customer login,Informational
1413,pee stains out of mattress,Informational
1414,www zibby com,Informational
1415,how to sleep with acid reflux,Informational
1416,mattress for hip pain,Informational
1417,california king bed dimensions,Informational
1418,best side to sleep on for gerd,Informational
1419,twin xl adjustable bed,Informational
1420,washing pillows,Informational
1421,prema cotton,Navigational
1422,ghost lux,Unknown
1423,ghostbed back pain,Informational
1424,double bed with 2 separate mattresses,Informational
1425,how to clean a memory foam mattress topper with urine,Informational
1426,how to get period blood out of a bed,Informational
1427,are queen and full sheets the same,Informational
1428,how often to change memory foam mattress,Informational
1429,how to get urine out of mattress topper,Informational
1430,average cost of new queen mattress,Informational
1431,how long are xl twin mattresses,Informational
1432,is there a mattress between queen and king,Informational
1433,size difference between king and california king,Informational
1434,amerisleep adjustable bed,Informational
1435,zero gravity mattress base,Transactional
1436,how do you know what size weighted blanket to get,Informational
1437,mattress got wet in the rain,Informational
1438,difference queen size king size,Informational
1439,how to get rid of blood stains off mattress,Informational
1440,pee on foam mattress,Informational
1441,size difference queen and king mattress,Informational
1442,single adjustable bed base,Informational
1443,queen bed length vs king,Informational
1444,queen size dimensions,Informational
1445,zibby lease to own,Informational
1446,mattress comparable to purple,Informational
1447,zero gravity in bed,Informational
1448,best zero gravity mattress,Informational
1449,how long should you elevate your legs,Informational
1450,washing cotton pillows,Informational
1451,what is the difference between pima cotton and egyptian cotton,Informational
1452,how to get a period stain out of bed,Informational
1453,elevate your bed,Informational
1454,are king beds longer than queen,Informational
1455,length of twin bed,Informational
1456,mattress payment plan,Transactional
1457,reverie 4m,Unknown
1458,how big is a queen bed vs king,Informational
1459,queen vs full queen size,Informational
1460,what are the measurements of a queen size bed,Informational
1461,size difference full vs queen,Informational
1462,how long is a queen bed,Informational
1463,how to put sheets on a split king bed,Informational
1464,elevate feet above heart,Informational
1465,how to elevate your head,Informational
1466,do two twins make a queen,Informational
1467,how to remove old blood from mattress,Informational
1468,full size mattress on queen frame,Informational
1469,king vs california king pros and cons,Informational
1470,best sleeping position for gerd,Informational
1471,benefits of sleeping elevated,Informational
1472,twin size,Informational
1473,king compared to queen bed,Informational
1474,queen versus king bed dimensions,Informational
1475,how do you clean pee out of a mattress,Informational
1476,best type of mattress for someone with fibromyalgia,Informational
1477,king measurements vs queen,Informational
1478,matrix bed size,Informational
1479,adjustable bed stomach sleeper,Informational
1480,size king vs queen,Informational
1481,which is better supima or egyptian cotton,Informational
1482,how to clean dog pee off bed,Informational
1483,sleeping position to reduce acid reflux,Informational
1484,how to neutralize urine on a mattress,Informational
1485,how often should you replace sheets,Informational
1486,what's a split king bed,Informational
1487,how to wash your sheets,Informational
1488,best position to sleep with acid reflux,Informational
1489,king vs california king dimensions,Unknown
1490,how to dry tempurpedic mattress,Informational
1491,what's the difference between a box spring and a foundation,Informational
1492,queen size weighted blanket dimensions,Informational
1493,super king size bed split mattress,Transactional
1494,king or queen size bed bigger,Informational
1495,how to get rid of blood stains on mattress cover,Informational
1496,non spring mattress,Transactional
1497,bed and mattress combo,Transactional
1498,is zero gravity bed good for you,Informational
1499,how many twin beds make a queen,Informational
1500,finance mattress with affirm,Informational
1501,disadvantages of pocket spring mattress,Informational
1502,is a full mattress same as queen,Informational
1503,how to get period blood off of mattress,Informational
1504,dog urine on bed mattress,Informational
1505,is a twin half the size of a queen,Informational
1506,zero g bed base,Informational
1507,tempurpedic vs purple,Informational
1508,dried cat urine mattress,Transactional
1509,ghostbed vs tempurpedic,Unknown
1510,how to get blood off bed,Informational
1511,king mattress cover,Informational
1512,pimacott vs egyptian cotton,Informational
1513,how to clean dog pee off memory foam mattress,Informational
1514,clean urine from memory foam,Informational
1515,twin or twin xl,Unknown
1516,twin vs full bed,Informational
1517,zero gravity bed during pregnancy,Informational
1518,how to remove cat pee from a mattress,Informational
1519,getting pee out of foam mattress,Informational
1520,elevate your legs,Informational
1521,how often to buy new sheets,Informational
1522,egyptian pima,Navigational
1523,how to deep clean a foam mattress,Commercial Investigation
1524,how to get blood out of memory foam mattress,Informational
1525,where can you use zibby credit,Informational
1526,cooling bed sheets,Informational
1527,king size mattress box spring dimensions,Informational
1528,what is the lowest thread count for sheets,Informational
1529,what setting should i wash sheets on,Informational
1530,how to clean urine from bed,Informational
1531,is there a difference between twin and twin xl,Informational
1532,do you need to rotate a memory foam mattress,Informational
1533,split king vs king adjustable bed,Informational
1534,how zibby works,Informational
1535,best way to wash bed sheets,Informational
1536,sleep elevated meaning,Informational
1537,leg pillow benefits,Informational
1538,what setting should you wash sheets on,Informational
1539,the difference between king and queen size bed,Informational
1540,how to remove water from mattress,Informational
1541,buy mattress with affirm,Transactional
1542,do memory foam mattresses need to be rotated,Informational
1543,what is thread count in sheets does it matter,Informational
1544,zibby credit,Informational
1545,how much is a mattress,Informational
1546,how to get dog pee out of a foam mattress,Informational
1547,how often should you flip your memory foam mattress,Informational
1548,are spring mattresses safe,Informational
1549,diy zero gravity bed,Informational
1550,why does elevating your feet help,Informational
1551,do full sheets fit queen bed,Informational
1552,king bed split mattress,Informational
1553,mattress fort lauderdale,Unknown
1554,supernatural ghost,Unknown
1555,beautyrest zero gravity,Informational
1556,how big is a 60x80 blanket,Informational
1557,affirm financing,Navigational
1558,military discount tempurpedic,Informational
1559,pocket coils vs springs,Informational
1560,power base bed frame,Informational
1561,how to get rid of a period stain on mattress,Informational
1562,thread count on sheets does it matter,Informational
1563,split king reviews,Informational
1564,twin mattress size in inches,Informational
1565,how wide is queen box spring,Informational
1566,how to get blood out of mattress topper,Informational
1567,dimension difference between queen and king bed,Informational
1568,real ghostbed reviews,Informational
1569,how big is a queen mattress,Informational
1570,memory foam mattress causing hip pain,Informational
1571,100 percent supima cotton sheets,Informational
1572,what is zero gravity,Navigational
1573,queen or king bigger,Informational
1574,first responder bedding,Transactional
1575,how do you wash bed sheets in the washing machine,Informational
1576,period stain out of mattress,Informational
1577,what is thread count,Informational
1578,ghostbed 3d matrix review,Commercial Investigation
1579,benefits elevating your legs,Informational
1580,how can i get blood stains out of my mattress,Informational
1581,how to get a pee stain out of mattress,Informational
1582,how wide is a king bed,Informational
1583,should i get a full or queen mattress,Informational
1584,size of full vs queen mattress,Informational
1585,queen and full size difference,Informational
1586,beds near me,Unknown
1587,what is the standard size of a queen box spring,Informational
1588,wayfair financing zibby,Informational
1589,how to remove urine stains from tempur pedic mattress,Informational
1590,will a full bed set fit a queen,Informational
1591,clean pee from memory foam mattress,Informational
1592,elevate head of bed copd,Informational
1593,what will get urine stains out of a mattress,Informational
1594,what is the difference in a full and queen mattress,Informational
1595,weighted blanket best size,Informational
1596,queen size full size difference,Informational
1597,how to remove dog urine from mattress,Informational
1598,king vs california king vs queen,Informational
1599,does raising your feet help circulation,Informational
1600,period blood stain removal mattress,Informational
1601,memory foam vs regular mattress,Informational
1602,does thread count on sheets matter,Informational
1603,wet memory foam,Unknown
1604,can you machine wash pillows,Informational
1605,size difference between a full and a queen size bed,Informational
1606,g queen bed size,Informational
1607,how long is a queen box spring,Informational
1608,best side to sleep on when you have acid reflux,Informational
1609,will a california king fit a king frame,Informational
1610,sitting with legs elevated,Informational
1611,what size is a california king bed,Informational
1612,how to remove pee stains from foam mattress,Informational
1613,how do i get period blood out of a mattress,Informational
1614,mattress payments,Transactional
1615,what's the difference between a twin and a twin xl,Informational
1616,do weighted blankets come in different sizes,Informational
1617,mattress shipping,Informational
1618,wash sheets on delicate,Informational
1619,is king or queen size bigger,Informational
1620,flex queen,Informational
1621,two twin mattresses instead of king,Informational
1622,super king size bed vs queen,Informational
1623,how to choose a mattress,Unknown
1624,zero g bed benefits,Informational
1625,home remedies for pee smell on mattress,Informational
1626,54 inch by 74 inch mattress,Informational
1627,deep clean mattress pee,Informational
1628,how to remove dry blood stains from bedding,Informational
1629,is a king size bigger than a queen,Unknown
1630,best way to dry out a mattress,Informational
1631,cooling gel pillow not working,Informational
1632,does ikea have twin xl bed frames,Transactional
1633,turning your mattress around,Informational
1634,can full size mattress fit queen size frame,Informational
1635,what is the difference between foam and latex mattress,Informational
1636,serta zero gravity setting,Unknown
1637,how to choose a weighted blanket,Commercial Investigation
1638,mattress germs,Informational
1639,firm vs soft mattress,Informational
1640,will a full mattress fit on a queen frame,Informational
1641,what cycle do you wash bed sheets on,Informational
1642,mattress sizes in order,Informational
1643,what is the size difference between twin and twin xl,Informational
1644,ghostbed vs casper vs leesa,Commercial Investigation
1645,zibby affirm,Informational
1646,are two twin size beds the same as a queen,Informational
1647,how long is a twin mattress,Informational
1648,kitty litter on mattress,Informational
1649,does california king mattress fit king bed frame,Informational
1650,tempur zero g base,Transactional
1651,difference between narrow twin and twin,Informational
1652,how to clean a bed that was peed on,Informational
1653,child peed on mattress how to clean,Informational
1654,king vs california king size,Commercial Investigation
1655,best bed in the world,Informational
1656,side sleeping in zero gravity position,Informational
1657,what does twin twin xl mean,Informational
1658,52.5 x 74 mattress,Informational
1659,queen size mattress measurements,Informational
1660,get cat pee out of memory foam mattress,Informational
1661,what is the difference between spring mattress and foam mattress,Informational
1662,how big is a california king bed,Informational
1663,mattress plantation fl,Unknown
1664,what is size difference between full and queen mattress,Informational
1665,queen versus king size,Informational
1666,how to machine wash pillows,Informational
1667,king size bed or queen size bed bigger,Informational
1668,ghost on bed,Unknown
1669,the best way to sleep with acid reflux,Informational
1670,take urine smell out of mattress,Informational
1671,what size and weight weighted blanket,Informational
1672,adjustable bed frame benefits,Informational
1673,difference in size between queen and full mattress,Informational
1674,temperature to wash bed sheets,Informational
1675,weighted blanket size and weight,Informational
1676,sleeping with head lower than feet,Informational
1677,how can i get urine stains out of a mattress,Informational
1678,how are weighted blankets measured,Informational
1679,box spring vs box foundation,Informational
1680,orthopedic mattress vs spring mattress,Informational
1681,how to disinfect a mattress urine,Informational
1682,which side to sleep on,Informational
1683,single bed adjustable base,Transactional
1684,where can i use zibby credit,Informational
1685,will a queen mattress fit in a full frame,Informational
1686,how to take blood off a mattress,Informational
1687,bed in a box payment options,Commercial Investigation
1688,motosleep parts,Unknown
1689,string mattress,Informational
1690,weighted blanket for 125 pounds,Commercial Investigation
1691,does a queen bed frame fit a full,Informational
1692,split king vs king sheets,Informational
1693,king size bed vs queen size vs double,Informational
1694,difference between king and california king bed,Informational
1695,twin full queen king,Transactional
1696,what washing machine setting for sheets,Informational
1697,best mattress for arthritis,Informational
1698,how to clean urine stain from memory foam mattress,Informational
1699,what's the difference between full size bed and queen,Informational
1700,what size weighted blanket for 130 lbs,Informational
1701,how to clean blood stains from pillow,Informational
1702,what to use to clean pee off mattress,Informational
1703,split king electric bed,Informational
1704,whats the difference between full and queen mattress,Informational
1705,difference in a queen and king bed,Informational
1706,is full xl the same as queen,Informational
1707,what is difference between full and queen,Informational
1708,dimensions of a queen size mattress and box spring,Informational
1709,does raising your legs help circulation,Informational
1710,king size purple mattress,Transactional
1711,can you wash sheets with clothes,Informational
1712,bed sheets temperature wash,Informational
1713,putting 2 twin xl beds together,Informational
1714,how much bigger is a king bed from a queen,Informational
1715,difference in size of twin and twin xl,Informational
1716,full size headboard vs queen,Informational
1717,flip memory foam mattress,Informational
1718,does a full bed fit in a queen frame,Informational
1719,best sleep position for silent reflux,Informational
1720,get urine smell out of bed,Informational
1721,when to elevate feet,Informational
1722,what size blanket for queen bed,Informational
1723,king split base,Transactional
1724,how to clean cat urine from mattress,Informational
1725,zibby make a payment,Informational
1726,twin xl bed frame dimensions,Informational
1727,what's better spring or foam mattress,Informational
1728,can a full box spring fit a queen bed,Informational
1729,remove urine from bed,Informational
1730,beds on 0 finance no deposit,Unknown
1731,matress meme,Unknown
1732,best setting for washing sheets,Informational
1733,what's the size difference between a queen and a king,Informational
1734,what is better memory foam or spring mattress,Informational
1735,is a full size bigger than a queen,Informational
1736,raise head bed risers,Informational
1737,gerd bed frame,Unknown
1738,how much does a good queen size mattress cost,Informational
1739,weighted blanket for autistic child,Commercial Investigation
1740,advantages of an adjustable bed,Informational
1741,queen bed frame vs full bed frame,Informational
1742,twin xl bed size,Informational
1743,urine bed smell,Informational
1744,washing bed sheets in washing machine,Informational
1745,pima cotton vs 100 cotton,Informational
1746,memory foam mattress or spring coil,Informational
1747,size difference in queen and king bed,Informational
1748,full size compared to queen size,Informational
1749,what size is a twin xl mattress,Informational
1750,what size weighted blanket should i use,Informational
1751,how can you clean a memory foam mattress,Informational
1752,queen and full size bed,Informational
1753,value maxx mattress,Transactional
1754,bed sheets wash temperature,Informational
1755,full size same as queen,Informational
1756,what to wash bed sheets on,Informational
1757,52.5 x 74 bed,Informational
1758,soak up pee from mattress,Informational
1759,how to get rid of pee in mattress,Informational
1760,memory foam mattress vs traditional mattress,Informational
1761,memory foam and latex mattress reviews,Informational
1762,pima cotton vs giza cotton,Informational
1763,is a queen and full size bed the same,Informational
1764,difference between egyptian and pima cotton,Informational
1765,king and queen bed,Unknown
1766,how to elevate pillows,Informational
1767,difference between queen and king size,Informational
1768,which mattress is best spring or foam,Informational
1769,how to get blood out of sheets and mattress,Informational
1770,does baking soda get urine smell out of mattress,Informational
1771,white glove setup and removal,Informational
1772,will a full size mattress fit a queen bed frame,Informational
